﻿<?xml version="1.0" encoding="utf-8" standalone="no"?>
<collisionMaskFlags>
    <!--Warning: This file is exported from script and should not be edited manually-->
    <flag bit="0" name="DEFAULT" desc="The default bit"/>
    <flag bit="1" name="STATIC_OBJECT" desc="Static object"/>
    <flag bit="2" name="CAMERA_BLOCKING" desc="Blocks the player camera from being inside"/>
    <flag bit="3" name="GROUND_TIP_BLOCKING" desc="Blocks tipping on the ground beneath/above"/>
    <flag bit="4" name="PLACEMENT_BLOCKING" desc="Blocks placing objects via construction"/>
    <flag bit="5" name="AI_BLOCKING" desc="Blocks vehicle navigation map beneath/above"/>
    <flag bit="6" name="PRECIPITATION_BLOCKING" desc="Masks all precipitation inside and below the collision"/>
    <flag bit="8" name="TERRAIN" desc="Terrain without tip any or displacement"/>
    <flag bit="9" name="TERRAIN_DELTA" desc="Tip anything"/>
    <flag bit="10" name="TERRAIN_DISPLACEMENT" desc="Terrain displacement (tiretrack deformation)"/>
    <flag bit="11" name="TREE" desc="A tree"/>
    <flag bit="12" name="BUILDING" desc="A building"/>
    <flag bit="13" name="ROAD" desc="A road"/>
    <flag bit="14" name="AI_DRIVABLE" desc="Blocks vehicle navigation map at the vertical faces of the mesh if they are above the terrain"/>
    <flag bit="16" name="VEHICLE" desc="A vehicle"/>
    <flag bit="17" name="VEHICLE_FORK" desc="A vehicle fork tip for pallets or bales"/>
    <flag bit="18" name="DYNAMIC_OBJECT" desc="A dynamic object"/>
    <flag bit="19" name="TRAFFIC_VEHICLE" desc="A AI traffic vehicle"/>
    <flag bit="20" name="PLAYER" desc="A player"/>
    <flag bit="21" name="ANIMAL" desc="An Animal"/>
    <flag bit="22" name="ANIMAL_POSITIONING" desc="For animal to walk on (position is raycast from above)"/>
    <flag bit="23" name="ANIMAL_NAV_MESH_BLOCKING" desc="Area of the collision is excluded from generated nav meshes"/>
    <flag bit="24" name="TRAFFIC_VEHICLE_BLOCKING" desc="Blocks AI traffic vehicles"/>
    <flag bit="28" name="INTERACTABLE_TARGET" desc="An interactable trigger that the player can target"/>
    <flag bit="29" name="TRIGGER" desc="A trigger"/>
    <flag bit="30" name="FILLABLE" desc="A fillable node. For trailer fillNodes and unload triggers"/>
    <flag bit="31" name="WATER" desc="A water plane"/>
    <!--Warning: This file is exported from script and should not be edited manually-->
    <defaultMask>0xfe3ffb83</defaultMask>
    <preset name="VEHICLE" desc="Vehicle main collisions">
        <group>
            <flag name="CAMERA_BLOCKING"/>
            <flag name="VEHICLE"/>
        </group>
        <!--ALL except CAMERA_BLOCKING, GROUND_TIP_BLOCKING, PLACEMENT_BLOCKING, AI_BLOCKING, PRECIPITATION_BLOCKING, TERRAIN_DISPLACEMENT, ANIMAL_POSITIONING, ANIMAL_NAV_MESH_BLOCKING, TRAFFIC_VEHICLE_BLOCKING-->
        <mask value="0xfe3ffb83"/>
    </preset>
    <preset name="VEHICLE_NO_TIP_ANY" desc="Vehicle collision not colliding with terrain delta/tipany">
        <group>
            <flag name="CAMERA_BLOCKING"/>
            <flag name="VEHICLE"/>
        </group>
        <!--ALL except CAMERA_BLOCKING, GROUND_TIP_BLOCKING, PLACEMENT_BLOCKING, AI_BLOCKING, PRECIPITATION_BLOCKING, TERRAIN_DELTA, TERRAIN_DISPLACEMENT, ANIMAL_POSITIONING, ANIMAL_NAV_MESH_BLOCKING, TRAFFIC_VEHICLE_BLOCKING-->
        <mask value="0xfe3ff983"/>
    </preset>
    <preset name="EXACT_FILL_ROOT_NODE" desc="target shape for fill triggers and raycasts">
        <group>
            <flag name="FILLABLE"/>
        </group>
        <mask>
            <flag name="TRIGGER"/>
        </mask>
    </preset>
    <preset name="FILL_TRIGGER" desc="trigger for shapes using the FILLABLE-flag in their collision group">
        <group>
            <flag name="TRIGGER"/>
        </group>
        <mask>
            <flag name="FILLABLE"/>
        </mask>
    </preset>
    <preset name="VEHICLE_TRIGGER" desc="trigger for shapes using the VEHICLE-flag in their collision group">
        <group>
            <flag name="TRIGGER"/>
        </group>
        <mask>
            <flag name="VEHICLE"/>
        </mask>
    </preset>
    <preset name="DYN_OBJECT_TRIGGER" desc="trigger for shapes using the DYNAMIC_OBJECT-flag in their collision group">
        <group>
            <flag name="TRIGGER"/>
        </group>
        <mask>
            <flag name="DYNAMIC_OBJECT"/>
        </mask>
    </preset>
    <preset name="PLAYER_TRIGGER" desc="trigger for player characters">
        <group>
            <flag name="TRIGGER"/>
        </group>
        <mask>
            <flag name="PLAYER"/>
        </mask>
    </preset>
    <preset name="PLAYER_VEHICLE_TRIGGER" desc="trigger for players and vehicles">
        <group>
            <flag name="TRIGGER"/>
        </group>
        <mask>
            <flag name="VEHICLE"/>
            <flag name="PLAYER"/>
        </mask>
    </preset>
    <preset name="WOOD_TRIGGER" desc="trigger for trees/logs">
        <group>
            <flag name="TRIGGER"/>
        </group>
        <mask>
            <flag name="TREE"/>
        </mask>
    </preset>
    <preset name="TREE">
        <group>
            <flag name="PLACEMENT_BLOCKING"/>
            <flag name="AI_BLOCKING"/>
            <flag name="TREE"/>
        </group>
        <!--ALL except CAMERA_BLOCKING, GROUND_TIP_BLOCKING, PLACEMENT_BLOCKING, AI_BLOCKING, PRECIPITATION_BLOCKING, TERRAIN_DISPLACEMENT, ANIMAL_POSITIONING, ANIMAL_NAV_MESH_BLOCKING, TRAFFIC_VEHICLE_BLOCKING-->
        <mask value="0xfe3ffb83"/>
    </preset>
    <preset name="FORK">
        <group>
            <flag name="VEHICLE_FORK"/>
        </group>
        <!--ALL except CAMERA_BLOCKING, GROUND_TIP_BLOCKING, PLACEMENT_BLOCKING, AI_BLOCKING, PRECIPITATION_BLOCKING, TERRAIN_DISPLACEMENT, ANIMAL_POSITIONING, ANIMAL_NAV_MESH_BLOCKING, TRAFFIC_VEHICLE_BLOCKING-->
        <mask value="0xfe3ffb83"/>
    </preset>
    <preset name="PALLET_FLOOR">
        <group>
            <flag name="VEHICLE"/>
        </group>
        <!--ALL except CAMERA_BLOCKING, GROUND_TIP_BLOCKING, PLACEMENT_BLOCKING, AI_BLOCKING, PRECIPITATION_BLOCKING, TERRAIN_DISPLACEMENT, VEHICLE_FORK, ANIMAL_POSITIONING, ANIMAL_NAV_MESH_BLOCKING, TRAFFIC_VEHICLE_BLOCKING-->
        <mask value="0xfe3dfb83"/>
    </preset>
    <preset name="BALE">
        <group>
            <flag name="DYNAMIC_OBJECT"/>
        </group>
        <!--ALL except CAMERA_BLOCKING, GROUND_TIP_BLOCKING, PLACEMENT_BLOCKING, AI_BLOCKING, PRECIPITATION_BLOCKING, TERRAIN_DISPLACEMENT, VEHICLE_FORK, ANIMAL_POSITIONING, ANIMAL_NAV_MESH_BLOCKING, TRAFFIC_VEHICLE_BLOCKING-->
        <mask value="0xfe3dfb83"/>
    </preset>
    <preset name="TRAFFIC_VEHICLE">
        <group>
            <flag name="CAMERA_BLOCKING"/>
            <flag name="AI_BLOCKING"/>
            <flag name="TRAFFIC_VEHICLE"/>
        </group>
        <mask>
            <flag name="TREE"/>
            <flag name="VEHICLE"/>
            <flag name="VEHICLE_FORK"/>
            <flag name="DYNAMIC_OBJECT"/>
            <flag name="PLAYER"/>
            <flag name="ANIMAL"/>
        </mask>
    </preset>
    <preset name="BUILDING">
        <group>
            <flag name="CAMERA_BLOCKING"/>
            <flag name="GROUND_TIP_BLOCKING"/>
            <flag name="PLACEMENT_BLOCKING"/>
            <flag name="AI_BLOCKING"/>
            <flag name="BUILDING"/>
        </group>
        <!--ALL except TERRAIN_DISPLACEMENT-->
        <mask value="0xfffffbff"/>
    </preset>
    <preset name="PLACEABLE_BUILDING">
        <group>
            <flag name="CAMERA_BLOCKING"/>
            <flag name="PLACEMENT_BLOCKING"/>
            <flag name="AI_BLOCKING"/>
            <flag name="BUILDING"/>
        </group>
        <!--ALL except TERRAIN_DISPLACEMENT-->
        <mask value="0xfffffbff"/>
    </preset>
    <preset name="ROAD">
        <group>
            <flag name="CAMERA_BLOCKING"/>
            <flag name="GROUND_TIP_BLOCKING"/>
            <flag name="PLACEMENT_BLOCKING"/>
            <flag name="ROAD"/>
            <flag name="AI_DRIVABLE"/>
        </group>
        <!--ALL except TERRAIN_DISPLACEMENT-->
        <mask value="0xfffffbff"/>
    </preset>
    <preset name="WATER" desc="Collision used by water planes to make it interact with players and vehicles">
        <group>
            <flag name="WATER"/>
        </group>
        <mask>
            <flag name="DEFAULT"/>
        </mask>
    </preset>
    <preset name="STATIC_OBJECT">
        <group>
            <flag name="STATIC_OBJECT"/>
            <flag name="CAMERA_BLOCKING"/>
            <flag name="GROUND_TIP_BLOCKING"/>
            <flag name="PLACEMENT_BLOCKING"/>
            <flag name="AI_BLOCKING"/>
        </group>
        <!--ALL except TERRAIN_DISPLACEMENT-->
        <mask value="0xfffffbff"/>
    </preset>
    <preset name="DYNAMIC_OBJECT">
        <group>
            <flag name="CAMERA_BLOCKING"/>
            <flag name="GROUND_TIP_BLOCKING"/>
            <flag name="PLACEMENT_BLOCKING"/>
            <flag name="AI_BLOCKING"/>
            <flag name="DYNAMIC_OBJECT"/>
        </group>
        <!--ALL except CAMERA_BLOCKING, GROUND_TIP_BLOCKING, PLACEMENT_BLOCKING, AI_BLOCKING, PRECIPITATION_BLOCKING, TERRAIN_DISPLACEMENT, ANIMAL_POSITIONING, ANIMAL_NAV_MESH_BLOCKING, TRAFFIC_VEHICLE_BLOCKING-->
        <mask value="0xfe3ffb83"/>
    </preset>
    <preset name="TIP_BLOCKING_COL">
        <group>
            <flag name="GROUND_TIP_BLOCKING"/>
        </group>
        <mask>
            <flag name="DEFAULT"/>
        </mask>
    </preset>
    <preset name="PLACEMENT_BLOCKING_COL">
        <group>
            <flag name="PLACEMENT_BLOCKING"/>
        </group>
        <mask>
            <flag name="DEFAULT"/>
        </mask>
    </preset>
    <preset name="ANIMAL_POSITIONING_COL" desc="Collision used by animals in nav meshes to determine their y position/height">
        <group>
            <flag name="ANIMAL_POSITIONING"/>
        </group>
        <mask>
            <flag name="DEFAULT"/>
        </mask>
    </preset>
    <preset name="DEFAULT">
        <!--ALL except CAMERA_BLOCKING, GROUND_TIP_BLOCKING, PLACEMENT_BLOCKING, AI_BLOCKING, PRECIPITATION_BLOCKING, TERRAIN_DISPLACEMENT, ANIMAL_POSITIONING, ANIMAL_NAV_MESH_BLOCKING, TRAFFIC_VEHICLE_BLOCKING-->
        <mask value="0xfe3ffb83"/>
    </preset>
    <!--Warning: This file is exported from script and should not be edited manually-->
</collisionMaskFlags>
